url_path,views_total,views_unique
/demichie/OpenPDAC-12/tree/main/run/Valentine2020_twoP/constant,10,1
/demichie/OpenPDAC-12/tree/main/run,9,1
/demichie/OpenPDAC-12/tree/main/run/Valentine2020_twoP,8,1
/demichie/OpenPDAC-12,4,4
/demichie/OpenPDAC-12/tree/main/applications,4,2
/demichie/OpenPDAC-12/tree/main,4,1
/demichie/OpenPDAC-12/tree/main/run/Valentine2020_twoP/system,4,1
/demichie/OpenPDAC-12/blob/main/applications/utilities/topoGrid/topoGrid.C,3,1
/demichie/OpenPDAC-12/blob/main/run/fluidisedBed/0/nut.particles1,2,1
/demichie/OpenPDAC-12/blob/main/run/Valentine2020_twoP/constant/momentumTransport.particles1,2,1
